{"b8TaldY4hG/GvkY1ofpRJw==":"3233468-237x237.png","aUBqfBrWomb8u2VcMoJFfg==":"ecl-1120x509.png","09LVCvEybq1Zv5/vn5p9pQ==":"i-sensys_1h_2019_lifestyle_1-16x9_3a0167e6af9943f488206634e10e59b0-1920x1080.jpg","D8ng/Asy7npMi7+QrPrJtg==":"images-282x179.jpg","Spyf/D2U/pd9DBnsKHRvmA==":"images-272x186.jpg","SH8tgVDRgq5sCJ7kt9Ns8w==":"download-275x183.jpg","o2q+kqGJECACcovsJb29NQ==":"rezinovyj-prizhimnoj-val-dlya-hp-lj-1010-1015-1018-3015-canon-lbp2900-lbp3000-lt-800x800.jpg","C1DJ9oOrQCpWPlMoEg521g==":"rezinovyj-prizhimnoj-val-dlya-hp-lj-1010-1015-1018-3015-canon-lbp2900-lbp3000-lt-795x577.jpg","bi9b8WVeTbWxI5kJYxzuDg==":"889eefb4_f24d_11e5_80d4_0862664b96eb_456e6889_41f8_11e7_80fb_0862664b96eb-646x444.jpg","PUHc+Zfa1eP1tjy+13kOcw==":"fuser-799x551.jpg","EwsEj7a6sIqLYiRz7TRzsw==":"1100-495x281.jpg","0XbWGWiaebquSvXYXrJZVw==":"images-275x183.jpg","PjNmUY+SUewZaT0jG/qe1A==":"images-300x168.jpg","JTffJZp3n+bukNWRO8O56Q==":"images-247x204.jpg","YJPotk0kK/Q2QLm7mq2hSw==":"images-317x159.jpg","fstRni4UIyPCxxyFYQ1i6g==":"scale_1200-2-1000x667.jpg","jb3p6hSb+TjC4gs3bpBPtA==":"scale_1200-3-1000x667.jpg","oG8yzqKuo6MrRUvr3cvh7w==":"3233468-369x369.png","ttJlPn2MQCOP08+P3MIYOQ==":"3233468-96x96.png","qDHBW+3/jQYccNEbMuZ72w==":"3233468-1-96x96.png","uvfHnAG/DwOKVsoUplpayA==":"447113-240x267.png","iBU5NY0sK7UAnWdlkJtaaw==":"sm1620818866-240x240.jpg","KqwAg2R8HaW6CF4tfNhC1g==":"164712-240x267.png","gAr8dJ1mpNYaNLVUmYUaig==":"2252118062-240x240.png","0djGJFfZzEnrlwgMOftXWQ==":"447217-240x267.png","/Wj8rvERObzDmkVUPcOXsA==":"unnamed-240x240.png","nl7tLCYUtNrB/U8g/CgQZg==":"images-225x225.png","fP9o2h/xPDq65BzjdC7NEw==":"xiaomi_logo_2021_.svg-200x200.png","aTnHsVW/Ju9rT+etixyH6g==":"download-276x183.jpg","yhwFwkAaBON5+UQpq8mTZw==":"c2caca2bd54df8dd961dcb16e66da8a2-600x399.jpg","Vb7GgbMoe0curpGYBParsg==":"background3.jpg","hprFdNansI489XTONHc/3Q==":"fuser-696x480.jpg"}